repo,id,matched_keywords,title,url
mrdoob/three.js,20268,render,WebGPURenderer:,https://github.com/mrdoob/three.js/issues/20268
mrdoob/three.js,27895,render,WebGPURenderer:,https://github.com/mrdoob/three.js/issues/27895
bulletphysics/bullet3,3112,render,render,https://github.com/bulletphysics/bullet3/issues/3112
mrdoob/three.js,26988,render,WebGPURenderer:,https://github.com/mrdoob/three.js/issues/26988
mrdoob/three.js,31762,render,WebGPURenderer:,https://github.com/mrdoob/three.js/issues/31762
mrdoob/three.js,28676,render,WebGPURenderer:,https://github.com/mrdoob/three.js/issues/28676
mrdoob/three.js,29822,render,WebGPURenderer:,https://github.com/mrdoob/three.js/issues/29822
mrdoob/three.js,19341,render,ImmediateRenderObject:,https://github.com/mrdoob/three.js/issues/19341
mrdoob/three.js,28210,render,WebGPURenderer:,https://github.com/mrdoob/three.js/issues/28210
ddiakopoulos/polymer,31,render,Renderer:,https://github.com/ddiakopoulos/polymer/issues/31
mrdoob/three.js,29421,render,WebGPURenderer:,https://github.com/mrdoob/three.js/issues/29421
mrdoob/three.js,15849,render,renderTarget,https://github.com/mrdoob/three.js/issues/15849
mrdoob/three.js,31854,render,RenderTarget:,https://github.com/mrdoob/three.js/issues/31854
mrdoob/three.js,30359,render,WebGPURenderer:,https://github.com/mrdoob/three.js/issues/30359
mrdoob/three.js,30065,render,WebGPURenderer:,https://github.com/mrdoob/three.js/issues/30065
mrdoob/three.js,29836,render,RenderObject:,https://github.com/mrdoob/three.js/issues/29836
mrdoob/three.js,28170,render,RenderTarget:,https://github.com/mrdoob/three.js/issues/28170
mrdoob/three.js,14525,render,CanvasRenderer:,https://github.com/mrdoob/three.js/issues/14525
mrdoob/three.js,8625,render,WebGLRenderer.renderPass,https://github.com/mrdoob/three.js/issues/8625
mrdoob/three.js,30044,render,WebGPURenderer,https://github.com/mrdoob/three.js/issues/30044
mrdoob/three.js,23128,render,css3drender,https://github.com/mrdoob/three.js/issues/23128
mrdoob/three.js,19305,render,WebGLRenderer,https://github.com/mrdoob/three.js/issues/19305
mrdoob/three.js,28418,render,WebGPURenderer:,https://github.com/mrdoob/three.js/issues/28418
mrdoob/three.js,5961,render,Renderer,https://github.com/mrdoob/three.js/issues/5961
mrdoob/three.js,28913,render,WebGPURenderer:,https://github.com/mrdoob/three.js/issues/28913
mrdoob/three.js,23213,render,WebGPURenderer:,https://github.com/mrdoob/three.js/issues/23213
mrdoob/three.js,5593,render,renderDepth,https://github.com/mrdoob/three.js/issues/5593
mrdoob/three.js,18277,render,WebGLDeferredRenderer,https://github.com/mrdoob/three.js/issues/18277
aframevr/aframe,4043,render,WebGL2Renderer,https://github.com/aframevr/aframe/issues/4043
mrdoob/three.js,29993,render,WebGPURenderer:,https://github.com/mrdoob/three.js/issues/29993
mrdoob/three.js,21529,render,WebGLRenderer:,https://github.com/mrdoob/three.js/issues/21529
StereoKit/StereoKit,1019,render,RenderList,https://github.com/StereoKit/StereoKit/issues/1019
mrdoob/three.js,29231,render,WebGPURenderer:,https://github.com/mrdoob/three.js/issues/29231
mrdoob/three.js,31854,render,RenderTarget:,https://github.com/mrdoob/three.js/issues/31854
mrdoob/three.js,26974,render,WebGPURenderer:,https://github.com/mrdoob/three.js/issues/26974
mrdoob/three.js,24179,render,WebGLRenderer:,https://github.com/mrdoob/three.js/issues/24179
mrdoob/three.js,31255,render,WebGPURenderer:,https://github.com/mrdoob/three.js/issues/31255
mrdoob/three.js,22244,render,WebGLRenderer:,https://github.com/mrdoob/three.js/issues/22244
mrdoob/three.js,15514,render,WebGLRenderer:,https://github.com/mrdoob/three.js/issues/15514
mrdoob/three.js,24045,render,Render,https://github.com/mrdoob/three.js/issues/24045
mrdoob/three.js,10320,display,Display,https://github.com/mrdoob/three.js/issues/10320
immersive-web/webxr,130,display,VRDisplayEventInit,https://github.com/immersive-web/webxr/issues/130
immersive-web/webxr,193,display,vrdisplayactivate,https://github.com/immersive-web/webxr/issues/193
aframevr/aframe,3705,display,vrdisplayactivate,https://github.com/aframevr/aframe/issues/3705
praydog/REFramework,1150,display,GameObjectsDisplay,https://github.com/praydog/REFramework/issues/1150
cosmoscout/cosmoscout-vr,18,display,Display,https://github.com/cosmoscout/cosmoscout-vr/issues/18
exokitxr/exokit,305,display,vrdisplayactivate,https://github.com/exokitxr/exokit/issues/305
vrapeutic/EllieTale-WebXR,16,display,Display,https://github.com/vrapeutic/EllieTale-WebXR/issues/16
mrdoob/three.js,29806,stereo,StereoCompositePassNode:,https://github.com/mrdoob/three.js/issues/29806
mrdoob/three.js,7437,stereo,StereoEffect,https://github.com/mrdoob/three.js/issues/7437
widgetti/ipyvolume,185,stereo,stereo,https://github.com/widgetti/ipyvolume/issues/185
StereoKit/StereoKit,36,stereo,StereoKit,https://github.com/StereoKit/StereoKit/issues/36
mrdoob/three.js,8894,stereo,StereoEffect.js,https://github.com/mrdoob/three.js/issues/8894
aframevr/aframe,1362,stereo,stereo,https://github.com/aframevr/aframe/issues/1362
mrdoob/three.js,17164,stereo,StereoCamera:,https://github.com/mrdoob/three.js/issues/17164
mrdoob/three.js,15427,stereo,Stereo,https://github.com/mrdoob/three.js/issues/15427
mrdoob/three.js,17001,texture,Texture,https://github.com/mrdoob/three.js/issues/17001
mrdoob/three.js,10970,render;texture,WebGLRenderTarget.texture,https://github.com/mrdoob/three.js/issues/10970
mrdoob/three.js,15882,texture,DataTexture,https://github.com/mrdoob/three.js/issues/15882
mrdoob/three.js,31093,texture,Texture,https://github.com/mrdoob/three.js/issues/31093
mrdoob/three.js,5883,texture,`loadTextureCube`,https://github.com/mrdoob/three.js/issues/5883
mrdoob/three.js,25253,texture,Texture,https://github.com/mrdoob/three.js/issues/25253
mrdoob/three.js,28937,texture,CanvasTexture,https://github.com/mrdoob/three.js/issues/28937
mrdoob/three.js,31502,texture,Storage*Texture:,https://github.com/mrdoob/three.js/issues/31502
mrdoob/three.js,14530,texture,Texture3d,https://github.com/mrdoob/three.js/issues/14530
secondlife/viewer,3348,texture,Texture,https://github.com/secondlife/viewer/issues/3348
Chainsawkitten/Deathcap,237,texture,Texture,https://github.com/Chainsawkitten/Deathcap/issues/237
mrdoob/three.js,31195,texture,WebGLTextureUtils:,https://github.com/mrdoob/three.js/issues/31195
mrdoob/three.js,16675,texture,BasisTextureLoader:,https://github.com/mrdoob/three.js/issues/16675
mrdoob/three.js,8390,texture,Texture,https://github.com/mrdoob/three.js/issues/8390
mrdoob/three.js,17290,texture,CubeTexture,https://github.com/mrdoob/three.js/issues/17290
mrdoob/three.js,1235,texture,DataTexture,https://github.com/mrdoob/three.js/issues/1235
mrdoob/three.js,27986,texture,TextureNode:,https://github.com/mrdoob/three.js/issues/27986
playcanvas/engine,4889,texture,reprojectTexture,https://github.com/playcanvas/engine/issues/4889
mrdoob/three.js,18821,render;texture,WebGLRenderer.copyTextureToTexture(),https://github.com/mrdoob/three.js/issues/18821
mrdoob/three.js,22380,texture,VideoTexture,https://github.com/mrdoob/three.js/issues/22380
mrdoob/three.js,3849,transparency,Transparency,https://github.com/mrdoob/three.js/issues/3849
mrdoob/three.js,11539,transparency,Transparency,https://github.com/mrdoob/three.js/issues/11539
mrdoob/three.js,30655,transparency,Transparency,https://github.com/mrdoob/three.js/issues/30655
widgetti/ipyvolume,383,transparency,Transparency,https://github.com/widgetti/ipyvolume/issues/383
mrdoob/three.js,22546,transparency,Transparency,https://github.com/mrdoob/three.js/issues/22546
mrdoob/three.js,29439,transparency,TransparencyFactor,https://github.com/mrdoob/three.js/issues/29439
mrdoob/three.js,24268,transparency,Transparency,https://github.com/mrdoob/three.js/issues/24268
secondlife/viewer,3694,transparency,Transparency,https://github.com/secondlife/viewer/issues/3694
aframevr/aframe,1930,opacity,Opacity,https://github.com/aframevr/aframe/issues/1930
mrdoob/three.js,3490,opacity,opacity,https://github.com/mrdoob/three.js/issues/3490
mrdoob/three.js,125,opacity,opacity,https://github.com/mrdoob/three.js/issues/125
mrdoob/three.js,23840,opacity,Opacity,https://github.com/mrdoob/three.js/issues/23840
aframevr/aframe,4007,opacity,Opacity,https://github.com/aframevr/aframe/issues/4007
mrdoob/three.js,6120,blending,AnimationBlending,https://github.com/mrdoob/three.js/issues/6120
mrdoob/three.js,588,blending,Blending,https://github.com/mrdoob/three.js/issues/588
mrdoob/three.js,682,blending,blending,https://github.com/mrdoob/three.js/issues/682
mrdoob/three.js,7766,blending,AdditiveAlphaBlending,https://github.com/mrdoob/three.js/issues/7766
mrdoob/three.js,21942,render;texture,WebGLRenderer.copyTextureToTexture3D(),https://github.com/mrdoob/three.js/issues/21942
mrdoob/three.js,29684,texture,WebGPUTextureUtils:,https://github.com/mrdoob/three.js/issues/29684
mrdoob/three.js,30209,render,WebGPURenderer:,https://github.com/mrdoob/three.js/issues/30209
mrdoob/three.js,30556,render,Renderer:,https://github.com/mrdoob/three.js/issues/30556
playcanvas/engine,6657,render,RenderPass,https://github.com/playcanvas/engine/issues/6657
mrdoob/three.js,29806,stereo,StereoCompositePassNode:,https://github.com/mrdoob/three.js/issues/29806
mrdoob/three.js,9630,render,WebGLRenderer,https://github.com/mrdoob/three.js/issues/9630
